,0
0,Tue Oct  9 14:08:32 2018
1,Tue Oct  9 14:08:33 2018
2,Tue Oct  9 14:08:34 2018
3,Tue Oct  9 14:08:35 2018
4,Tue Oct  9 14:08:36 2018
5,Tue Oct  9 14:08:37 2018
6,Tue Oct  9 14:08:38 2018
7,Tue Oct  9 14:08:39 2018
8,Tue Oct  9 14:08:40 2018
9,Tue Oct  9 14:08:41 2018
10,Tue Oct  9 14:08:42 2018
11,Tue Oct  9 14:08:43 2018
12,Tue Oct  9 14:08:44 2018
13,Tue Oct  9 14:08:45 2018
14,Tue Oct  9 14:08:46 2018
15,Tue Oct  9 14:08:47 2018
16,Tue Oct  9 14:08:48 2018
17,Tue Oct  9 14:08:49 2018
18,Tue Oct  9 14:08:50 2018
19,Tue Oct  9 14:08:51 2018
20,Tue Oct  9 14:08:52 2018
21,Tue Oct  9 14:08:53 2018
